<?xml version='1.0'?>
   <font>
       <info aa='1' size='50' smooth='1' stretchH='100' bold='0' padding='0,0,0,0' spacing='0,0' charset='' italic='0' unicode='0' face='88 Zen'/>
       <common scaleW='384' packed='0' pages='1' lineHeight='69' scaleH='384' base='57'/>
       <pages>
            <page id='0' file='88ZenFont@2x.png'/>
       </pages>
        <chars count='98'>
            <char xadvance='19' x='332' chnl='0' yoffset='57' y='44' xoffset='0' id='32' page='0' height='0' width='0'/>
            <char xadvance='13' x='320' chnl='0' yoffset='13' y='302' xoffset='0' id='33' page='0' height='46' width='10'/>
            <char xadvance='25' x='332' chnl='0' yoffset='11' y='314' xoffset='0' id='34' page='0' height='16' width='22'/>
            <char xadvance='38' x='290' chnl='0' yoffset='13' y='134' xoffset='0' id='35' page='0' height='46' width='34'/>
            <char xadvance='38' x='2' chnl='0' yoffset='5' y='50' xoffset='0' id='36' page='0' height='60' width='34'/>
            <char xadvance='50' x='242' chnl='0' yoffset='13' y='2' xoffset='0' id='37' page='0' height='46' width='46'/>
            <char xadvance='44' x='290' chnl='0' yoffset='13' y='2' xoffset='0' id='38' page='0' height='46' width='40'/>
            <char xadvance='13' x='368' chnl='0' yoffset='11' y='266' xoffset='0' id='39' page='0' height='16' width='10'/>
            <char xadvance='25' x='176' chnl='0' yoffset='5' y='306' xoffset='0' id='40' page='0' height='60' width='22'/>
            <char xadvance='25' x='176' chnl='0' yoffset='5' y='244' xoffset='0' id='41' page='0' height='60' width='22'/>
            <char xadvance='38' x='170' chnl='0' yoffset='12' y='50' xoffset='0' id='42' page='0' height='34' width='34'/>
            <char xadvance='38' x='134' chnl='0' yoffset='25' y='50' xoffset='0' id='43' page='0' height='34' width='34'/>
            <char xadvance='19' x='356' chnl='0' yoffset='49' y='314' xoffset='0' id='44' page='0' height='16' width='16'/>
            <char xadvance='32' x='146' chnl='0' yoffset='36' y='370' xoffset='0' id='45' page='0' height='10' width='28'/>
            <char xadvance='13' x='176' chnl='0' yoffset='49' y='368' xoffset='0' id='46' page='0' height='10' width='10'/>
            <char xadvance='32' x='146' chnl='0' yoffset='13' y='236' xoffset='0' id='47' page='0' height='52' width='28'/>
            <char xadvance='38' x='254' chnl='0' yoffset='13' y='134' xoffset='0' id='48' page='0' height='46' width='34'/>
            <char xadvance='38' x='362' chnl='0' yoffset='13' y='86' xoffset='7' id='49' page='0' height='46' width='16'/>
            <char xadvance='38' x='218' chnl='0' yoffset='13' y='134' xoffset='0' id='50' page='0' height='46' width='34'/>
            <char xadvance='38' x='182' chnl='0' yoffset='13' y='134' xoffset='0' id='51' page='0' height='46' width='34'/>
            <char xadvance='38' x='146' chnl='0' yoffset='13' y='134' xoffset='0' id='52' page='0' height='46' width='34'/>
            <char xadvance='38' x='110' chnl='0' yoffset='13' y='326' xoffset='0' id='53' page='0' height='46' width='34'/>
            <char xadvance='38' x='110' chnl='0' yoffset='13' y='278' xoffset='0' id='54' page='0' height='46' width='34'/>
            <char xadvance='38' x='110' chnl='0' yoffset='13' y='230' xoffset='0' id='55' page='0' height='46' width='34'/>
            <char xadvance='38' x='110' chnl='0' yoffset='13' y='182' xoffset='0' id='56' page='0' height='46' width='34'/>
            <char xadvance='38' x='110' chnl='0' yoffset='13' y='134' xoffset='0' id='57' page='0' height='46' width='34'/>
            <char xadvance='13' x='362' chnl='0' yoffset='25' y='230' xoffset='0' id='58' page='0' height='34' width='10'/>
            <char xadvance='19' x='230' chnl='0' yoffset='25' y='340' xoffset='0' id='59' page='0' height='40' width='16'/>
            <char xadvance='32' x='200' chnl='0' yoffset='13' y='326' xoffset='0' id='60' page='0' height='46' width='28'/>
            <char xadvance='38' x='332' chnl='0' yoffset='30' y='266' xoffset='0' id='61' page='0' height='22' width='34'/>
            <char xadvance='32' x='200' chnl='0' yoffset='13' y='278' xoffset='0' id='62' page='0' height='46' width='28'/>
            <char xadvance='38' x='326' chnl='0' yoffset='13' y='86' xoffset='0' id='63' page='0' height='46' width='34'/>
            <char xadvance='50' x='194' chnl='0' yoffset='13' y='2' xoffset='0' id='64' page='0' height='46' width='46'/>
            <char xadvance='38' x='290' chnl='0' yoffset='13' y='86' xoffset='0' id='65' page='0' height='46' width='34'/>
            <char xadvance='38' x='254' chnl='0' yoffset='13' y='86' xoffset='0' id='66' page='0' height='46' width='34'/>
            <char xadvance='38' x='218' chnl='0' yoffset='13' y='86' xoffset='0' id='67' page='0' height='46' width='34'/>
            <char xadvance='38' x='182' chnl='0' yoffset='13' y='86' xoffset='0' id='68' page='0' height='46' width='34'/>
            <char xadvance='38' x='146' chnl='0' yoffset='13' y='86' xoffset='0' id='69' page='0' height='46' width='34'/>
            <char xadvance='38' x='110' chnl='0' yoffset='13' y='86' xoffset='0' id='70' page='0' height='46' width='34'/>
            <char xadvance='38' x='74' chnl='0' yoffset='13' y='326' xoffset='0' id='71' page='0' height='46' width='34'/>
            <char xadvance='38' x='74' chnl='0' yoffset='13' y='278' xoffset='0' id='72' page='0' height='46' width='34'/>
            <char xadvance='13' x='308' chnl='0' yoffset='13' y='302' xoffset='0' id='73' page='0' height='46' width='10'/>
            <char xadvance='38' x='74' chnl='0' yoffset='13' y='230' xoffset='0' id='74' page='0' height='46' width='34'/>
            <char xadvance='38' x='74' chnl='0' yoffset='13' y='182' xoffset='0' id='75' page='0' height='46' width='34'/>
            <char xadvance='38' x='74' chnl='0' yoffset='13' y='134' xoffset='0' id='76' page='0' height='46' width='34'/>
            <char xadvance='50' x='146' chnl='0' yoffset='13' y='2' xoffset='0' id='77' page='0' height='46' width='46'/>
            <char xadvance='38' x='74' chnl='0' yoffset='13' y='86' xoffset='0' id='78' page='0' height='46' width='34'/>
            <char xadvance='38' x='38' chnl='0' yoffset='13' y='326' xoffset='0' id='79' page='0' height='46' width='34'/>
            <char xadvance='38' x='38' chnl='0' yoffset='13' y='278' xoffset='0' id='80' page='0' height='46' width='34'/>
            <char xadvance='38' x='2' chnl='0' yoffset='13' y='112' xoffset='0' id='81' page='0' height='52' width='34'/>
            <char xadvance='38' x='38' chnl='0' yoffset='13' y='230' xoffset='0' id='82' page='0' height='46' width='34'/>
            <char xadvance='38' x='38' chnl='0' yoffset='13' y='182' xoffset='0' id='83' page='0' height='46' width='34'/>
            <char xadvance='38' x='38' chnl='0' yoffset='13' y='134' xoffset='0' id='84' page='0' height='46' width='34'/>
            <char xadvance='38' x='38' chnl='0' yoffset='13' y='86' xoffset='0' id='85' page='0' height='46' width='34'/>
            <char xadvance='38' x='2' chnl='0' yoffset='13' y='310' xoffset='0' id='86' page='0' height='46' width='34'/>
            <char xadvance='50' x='98' chnl='0' yoffset='13' y='2' xoffset='0' id='87' page='0' height='46' width='46'/>
            <char xadvance='38' x='2' chnl='0' yoffset='13' y='262' xoffset='0' id='88' page='0' height='46' width='34'/>
            <char xadvance='38' x='2' chnl='0' yoffset='13' y='214' xoffset='0' id='89' page='0' height='46' width='34'/>
            <char xadvance='38' x='2' chnl='0' yoffset='13' y='166' xoffset='0' id='90' page='0' height='46' width='34'/>
            <char xadvance='19' x='254' chnl='0' yoffset='5' y='292' xoffset='0' id='91' page='0' height='60' width='16'/>
            <char xadvance='32' x='146' chnl='0' yoffset='13' y='182' xoffset='0' id='92' page='0' height='52' width='28'/>
            <char xadvance='19' x='254' chnl='0' yoffset='5' y='230' xoffset='0' id='93' page='0' height='60' width='16'/>
            <char xadvance='38' x='2' chnl='0' yoffset='12' y='358' xoffset='0' id='94' page='0' height='22' width='34'/>
            <char xadvance='44' x='332' chnl='0' yoffset='55' y='302' xoffset='0' id='95' page='0' height='10' width='40'/>
            <char xadvance='19' x='254' chnl='0' yoffset='11' y='354' xoffset='0' id='96' page='0' height='16' width='16'/>
            <char xadvance='32' x='302' chnl='0' yoffset='25' y='266' xoffset='0' id='97' page='0' height='34' width='28'/>
            <char xadvance='32' x='200' chnl='0' yoffset='13' y='230' xoffset='0' id='98' page='0' height='46' width='28'/>
            <char xadvance='32' x='272' chnl='0' yoffset='25' y='266' xoffset='0' id='99' page='0' height='34' width='28'/>
            <char xadvance='32' x='350' chnl='0' yoffset='13' y='182' xoffset='0' id='100' page='0' height='46' width='28'/>
            <char xadvance='32' x='332' chnl='0' yoffset='25' y='230' xoffset='0' id='101' page='0' height='34' width='28'/>
            <char xadvance='25' x='230' chnl='0' yoffset='13' y='230' xoffset='0' id='102' page='0' height='46' width='22'/>
            <char xadvance='32' x='320' chnl='0' yoffset='25' y='182' xoffset='0' id='103' page='0' height='46' width='28'/>
            <char xadvance='32' x='290' chnl='0' yoffset='13' y='182' xoffset='0' id='104' page='0' height='46' width='28'/>
            <char xadvance='13' x='296' chnl='0' yoffset='13' y='302' xoffset='0' id='105' page='0' height='46' width='10'/>
            <char xadvance='19' x='230' chnl='0' yoffset='11' y='278' xoffset='0' id='106' page='0' height='60' width='16'/>
            <char xadvance='32' x='260' chnl='0' yoffset='13' y='182' xoffset='0' id='107' page='0' height='46' width='28'/>
            <char xadvance='13' x='284' chnl='0' yoffset='13' y='302' xoffset='0' id='108' page='0' height='46' width='10'/>
            <char xadvance='50' x='86' chnl='0' yoffset='25' y='50' xoffset='0' id='109' page='0' height='34' width='46'/>
            <char xadvance='32' x='302' chnl='0' yoffset='25' y='230' xoffset='0' id='110' page='0' height='34' width='28'/>
            <char xadvance='32' x='272' chnl='0' yoffset='25' y='230' xoffset='0' id='111' page='0' height='34' width='28'/>
            <char xadvance='32' x='230' chnl='0' yoffset='25' y='182' xoffset='0' id='112' page='0' height='46' width='28'/>
            <char xadvance='32' x='200' chnl='0' yoffset='25' y='182' xoffset='0' id='113' page='0' height='46' width='28'/>
            <char xadvance='25' x='356' chnl='0' yoffset='25' y='50' xoffset='0' id='114' page='0' height='34' width='22'/>
            <char xadvance='32' x='326' chnl='0' yoffset='25' y='50' xoffset='0' id='115' page='0' height='34' width='28'/>
            <char xadvance='25' x='356' chnl='0' yoffset='13' y='134' xoffset='0' id='116' page='0' height='46' width='22'/>
            <char xadvance='32' x='296' chnl='0' yoffset='25' y='50' xoffset='0' id='117' page='0' height='34' width='28'/>
            <char xadvance='32' x='266' chnl='0' yoffset='25' y='50' xoffset='0' id='118' page='0' height='34' width='28'/>
            <char xadvance='50' x='38' chnl='0' yoffset='25' y='50' xoffset='0' id='119' page='0' height='34' width='46'/>
            <char xadvance='32' x='236' chnl='0' yoffset='25' y='50' xoffset='0' id='120' page='0' height='34' width='28'/>
            <char xadvance='32' x='326' chnl='0' yoffset='25' y='134' xoffset='0' id='121' page='0' height='46' width='28'/>
            <char xadvance='32' x='206' chnl='0' yoffset='25' y='50' xoffset='0' id='122' page='0' height='34' width='28'/>
            <char xadvance='25' x='176' chnl='0' yoffset='5' y='182' xoffset='0' id='123' page='0' height='60' width='22'/>
            <char xadvance='13' x='272' chnl='0' yoffset='5' y='302' xoffset='0' id='124' page='0' height='60' width='10'/>
            <char xadvance='25' x='146' chnl='0' yoffset='5' y='290' xoffset='0' id='125' page='0' height='60' width='22'/>
            <char xadvance='32' x='146' chnl='0' yoffset='24' y='352' xoffset='0' id='126' page='0' height='16' width='28'/>
            <char xadvance='57' x='50' chnl='0' yoffset='19' y='2' xoffset='0' id='12473' page='0' height='46' width='46'/>
            <char xadvance='57' x='332' chnl='0' yoffset='19' y='2' xoffset='7' id='12467' page='0' height='40' width='40'/>
            <char xadvance='57' x='2' chnl='0' yoffset='19' y='2' xoffset='0' id='12450' page='0' height='46' width='46'/>
       </chars>
   </font>
